{
    "sans-serif": {
        "normal": "Helvetica",
        "bold": "Helvetica-Bold",
        "italic": "Helvetica-Oblique",
        "bold_italic": "Helvetica-BoldOblique"
    },
    "times": {
        "normal": "times",
        "bold": "timesbd",
        "italic": "timesi",
        "bold_italic": "timesbi"
    },
    "times-roman": {
        "normal": "times",
        "bold": "timesbd",
        "italic": "timesi",
        "bold_italic": "timesbi"
    },
    "courier": {
        "normal": "Courier",
        "bold": "Courier-Bold",
        "italic": "Courier-Oblique",
        "bold_italic": "Courier-BoldOblique"
    },
    "helvetica": {
        "normal": "Helvetica",
        "bold": "Helvetica-Bold",
        "italic": "Helvetica-Oblique",
        "bold_italic": "Helvetica-BoldOblique"
    },
    "zapfdingbats": {
        "normal": "ZapfDingbats",
        "bold": "ZapfDingbats",
        "italic": "ZapfDingbats",
        "bold_italic": "ZapfDingbats"
    },
    "symbol": {
        "normal": "Symbol",
        "bold": "Symbol",
        "italic": "Symbol",
        "bold_italic": "Symbol"
    },
    "serif": {
        "normal": "times",
        "bold": "timesbd",
        "italic": "timesi",
        "bold_italic": "timesbi"
    },
    "monospace": {
        "normal": "Courier",
        "bold": "Courier-Bold",
        "italic": "Courier-Oblique",
        "bold_italic": "Courier-BoldOblique"
    },
    "fixed": {
        "normal": "Courier",
        "bold": "Courier-Bold",
        "italic": "Courier-Oblique",
        "bold_italic": "Courier-BoldOblique"
    },
    "dejavu sans": {
        "bold": "DejaVuSans-Bold",
        "bold_italic": "DejaVuSans-BoldOblique",
        "italic": "DejaVuSans-Oblique",
        "normal": "DejaVuSans"
    },
    "dejavu sans mono": {
        "bold": "DejaVuSansMono-Bold",
        "bold_italic": "DejaVuSansMono-BoldOblique",
        "italic": "DejaVuSansMono-Oblique",
        "normal": "DejaVuSansMono"
    },
    "dejavu serif": {
        "bold": "DejaVuSerif-Bold",
        "bold_italic": "DejaVuSerif-BoldItalic",
        "italic": "DejaVuSerif-Italic",
        "normal": "DejaVuSerif"
    }
}